Word,Frequency
Put,1
on,29
your,22
pasta,4
pants,1
and,133
bring,1
salted,1
water,4
to,89
a,81
boil—its,1
Mac,1
n,1
Cheese,1
Day,6
Gooey,1
creamy,4
mac,3
cheese,7
will,5
never,3
be,11
as,12
healthy,9
salad,1
But,6
it,40
can,7
healthier,1
#HappyMacnCheeseDay,1
We’ve,1
got,3
some,14
insane,2
upgrades,1
for,56
this,35
classic,2
comfort,2
food,8
Use,2
whole,2
wheat,2
They,4
give,2
heartier,1
texture,1
Add,9
more,8
greens,2
Get,2
daily,1
dose,1
of,72
by,9
tossing,1
them,8
into,6
cheesy,1
Pump,1
up,11
the,95
flavour,1
with,51
roasted,2
garlic,12
Rich,1
naturally,1
is,36
great,6
way,5
make,7
super,4
satisfying,1
without,4
piling,1
too,2
much,6
Amp,1
sauce,10
vegetable,3
puree,4
Cut,1
down,3
fat,2
add,8
nutritional,1
value,1
swapping,1
out,11
squash,1
Replace,1
yogurt,2
Mix,1
grated,1
parmesan,1
an,4
impossibly,1
better,3
you,39
#MacnCheeseDay,1
#EasyRecipe,1
#macandcheese,1
One,1
which,11
overcomes,1
man,1
made,7
borders,1
transcends,1
discord,1
world,1
we,8
know,7
French,1
Fries,1
The,8
fried,3
potato,4
has,5
achieved,1
greatness,1
at,9
home,4
overseas,1
Here,2
are,17
few,3
unique,2
spinS,1
crispy,3
#worldfrenchfryday,1
#frenchfries,1
Food,2
For,2
Thought,1
Always,1
keep,2
Margarita,1
Tacos,1
handy,1
#SaturdayMood,1
#WeekendVibes,1
Shrimp,2
Chili,1
Garlic,3
Noodles,2
In,6
kitchen,3
@sonalikagrover,1
@thelittlefoodjournal,1
Ingredients,3
200g,1
12,2
cup,5
Mushrooms,1
Thinly,2
Sliced,2
5,5
Cloves,2
Finely,1
Chopped,2
1,13
Cup,2
+,2
Tablespoons,1
Olive,1
Oil,2
2,8
Tbsp,4
Butter,2
Soy,2
3,3
Oyster,1
Sauce,2
Red,1
Onion,1
or,12
Chives,1
Salt,1
Taste,3
Chilli,1
Flakes,1
Steps,1
Heat,1
olive,3
oil,6
in,43
pan,3
Fry,1
thinly,1
sliced,1
until,3
golden,1
brown,2
Keep,4
aside,2
big,1
melt,1
butter,4
4,2
Then,2
onion,6
mushroom,1
&,13
shrimp,1
Sauté,1
these,11
minutes,4
Next,2
boiled,4
noodles,1
mix,4
well,10
6,1
Drizzle,1
soy,2
oyster,1
7,1
kept,1
beginning,1
8,1
Finally,1
chilli,2
flakes,2
salt,4
taste,7
It’s,2
Piña,1
Colada,3
What,3
kick,1
off,2
weekend,1
than,5
having,2
Pina,2
cocktails,1
thats,1
symbol,1
carefree,1
fun,1
 ,1
closest,1
thing,3
being,3
beach,1
goes,1
absolute,3
delish,2
recipe,6
perfect,2
INGREDIENTS,2
50,2
ml ,2
rum,2
coconut,4
milk,9
13,1
fresh,4
pineapple,4
chunks,3
plus,1
garnish,2
splash,1
juice,3
ice,4
Cherries,1
DIRECTIONS,1
blender,1
Blend,1
smooth,1
Pour,3
glass,4
Garnish,2
chunk,2
cherry,1
Picture,1
credits,1
@vanillaandbean,1
Korean,1
seafood,1
stew,3
aka,3
Haemul,1
Sundubu,1
Jigea,1
@iam_eshan,1
cups,2
chicken,3
stock,2
cut,3
lengthways,2
inch,2
ginger,5
strips,1
10,1
cloves,1
Tablespoon,2
Gochujang,1
100,1
gms,3
Kimchi,1
large,2
napa,1
cabbage,1
Dark,2
300,1
prawns,2
200,1
squid,3
Method,2
pot,1
Let,5
come,5
boil,3
stir,2
gochujang,1
kimchi,1
Stir,1
let,1
Cabbage,1
cook,7
another,1
then,6
turn,1
heat,2
Make,1
sure,1
time,19
otherwise,1
become,1
chewy,1
Serve,1
immediately,1
rice,2
#TalkHealth,1
We,1
all,19
its,7
good,5
idea,1
grab,1
snack,1
after,1
hit,1
gym,1
but,10
what,6
exactly,2
happens,1
body,1
if,6
dont,6
#fitnessmotivation,1
#wednesdayworkout,1
Think,1
authentic,2
oriental,1
flavours,7
produce,1
dishes,1
being ,1
prepared,2
only,4
once,3
order,4
received,2
@thaicratedelivery,1
one,4
stop,1
shop,1
things,3
flavourful,3
tasty,3
strive,1
deliver,1
consistent,1
quality,2
every,2
Open,1
days,2
week,2
From,1
noon,1
pm,2
weekdays,1
till,3
from,9
Friday,3
Sunday,5
Call,1
get,15
midweek,1
fix,1
yum,2
delicious,4
greatest,1
day,12
year,2
#worldchocolateday,3
Tag,4
that,13
friend,1
eats,1
their,11
chocolate,14
Tomorrow,1
World,3
Chocolate,6
don’t,2
worry,2
we’ve,1
covered,1
here,1
fabulous,1
ways,1
suggest,1
celebrate,3
*,11
@bigchillcafe,1
Cakery’s,1
mississippi,1
mud,1
pie,1
doesnt,2
decadent,1
@nirulasofficial,1
‘s,1
OG,1
hot,1
fudge,1
how,5
ever,2
go,4
wrong,1
@zoetdessert,1
oreo,1
cream,2
cake,3
our,3
new,1
find,1
must,1
try,10
@allthingschocolates,2
dark,4
single,1
origin,1
Malabar,1
forest,1
Chef’s,1
any,3
bakers,1
dream,1
true,1
And,2
nothing,1
else,1
always,3
have,16
@cadburydairymilksilk,1
range,2
Experimenting,2
Bhature,2
today,10
Mini,1
Chole,1
brunch,1
#delhi,4
#delhidiaries,5
#sodelhi,4
#delhifoodguide,4
#streetfood,4
#indianfood,10
#foodtalkindia,7
#foodmaniacindia,4
#delhifoodblogger,5
#delhigram,2
#delhiwale,2
#indiancuisine,2
#homemade,18
#homecooking,3
#brunch,2
#delhi_igers,3
#delhifoodie,10
#friedfood,1
#breakfast,5
#whatsonmyplate,1
#spicyfood,1
#desifood,1
#indiagram,1
#indianfoodie,1
#indianfoodlovers,2
#saturdaybrunch,1
#noidafoodie,7
#noidafoodblogger,4
#noidadiaries,8
#noidagram,2
Homemade,2
Afghani,1
Momos,1
evening,1
Loved,1
experiment,1
tbh,1
#momos,1
#dumplings,1
#instadelhi,2
#delhifood,11
#foodphotography,15
#delhistreetfood,2
#indianstreetfood,2
#f52grams,8
#momo,1
#cheapthrills,2
#vegmomos,1
#noidablogger,1
#tandoorimomos,1
#afghanimomos,1
#eveningsnacks,1
#foodforthought,1
#foodisfuel,7
Evening,1
party,1
scenes,1
Gol,1
Gappe,1
Dahi,1
Puri,1
Bhalla,1
Paapri,1
#golgappe,1
#golgappa,1
#chaat,1
#desicuisine,1
#soulfood,3
#noidafood,2
#foodbloggers,1
#foodlovers,4
#foodpics,6
#india_gram,1
#foodiesdelhite,1
Lazying,1
around,3
beautiful,5
weather,1
#icecream,2
#sunday,3
#vanillaicecream,1
#hotchocolatesauce,1
#chocolatesauce,1
#foodwithaview,1
#likesforlikes,2
#foodblogfeed,3
#foodblog,4
100%,1
eggless,1
Truffle,1
Cake,2
little,4
kids,1
birthday,1
Someone,1
gonna,1
enjoy,1
his,1
saturday,2
DM,2
#cake,4
#birthdaycake,1
#birthdaycakes,1
#chocolatecake,2
#trufflecake,1
#happybirthday,1
#homebaking,2
#noidadelivery,1
#cakestagram,3
#cakesofinstagram,2
#foodblogger,11
#instaclick,1
#saturday,1
#yummyinmytummy,1
#darkchocolatecake,1
Faalse,2
ka,2
Sharbat,1
favourite,9
since,2
childhood,1
Have,2
tried,3
homemade,2
summers,2
Btw,1
available,4
limited,1
#summer,3
#summerdrink,1
#homemadejuice,1
#juice,2
#faalse,1
#phalsa,1
#falsejuice,1
#instalikes,1
#noidafoodies,1
#juices,1
Order,3
amazing,3
Pizzas,1
@starvinmarvindelivers,1
am,4
This,11
Veg,2
Mediterranean,1
Pizza,2
was,17
thin,1
crust,1
loaded,4
veggies,5
#foodie,19
#delicious,4
#foodgasm,4
#foodporn,10
#vscofood,3
#italian,3
#pizza,4
#cravings,2
#pizzalover,2
#bestoftheday,1
#nomnom,7
#foodoftheday,3
#pizzaporn,2
#likeforlikes,1
#friday,1
#friyay,1
#mediterraneanfood,1
#mediterraneanpizza,1
#starvinmarvin,1
#latenightdelivery,1
#fooddelivery,1
Wine,1
kinda,1
afternoons,1
All,1
want,8
now,3
#indianfoodbloggers,1
#cheesy,2
#foodislove,3
#pizzaandwine,1
#redwine,2
#wineandpizza,1
#throwback,1
#saturdayafternoon,1
#sangria,1
Badly,1
missing,1
my,27
rituals,1
I,40
old,1
evenings,1
#ifoundawesome,1
#foodcritic,1
#shawarma,1
#eeeeeats,2
#chicken,1
#foodaholic,1
#livetoeat,1
#lovetoeat,1
#igramming_india,1
#lebanese,2
#instafoodies,1
#instafood,14
Bread,4
do,5
call,2
Dhokla,2
Upma,1
Comment,1
tell,2
#indianblogger,1
#foodstagram,7
#Sodelhi,1
#dfordelhi,1
#lbbdelhi,1
#dhokla,2
#breaddhokla,1
#bread,2
#sundaybreakfast,1
#sundaycooking,1
Want,1
something,5
preparing,2
mealWhy,1
fear,1
when,1
@freshwayfood,2
hereSo,1
they,4
selling,1
ready,5
eat,5
meals,4
alot,2
easier,1
everyone,3
different,3
just,11
min,4
simple,5
steps,1
PourAdd,1
WaterStir,1
&cover,1
Wait,1
tada,1
ur,6
serve,1
sended,1
products,8
me,17
Namely,1
1Veg,1
biryani,3
Experience,1
royal,1
traditional,3
mughlai,1
main,1
course,1
chopped,2
vegetables,1
blend,1
various,1
aromatic,1
spicesThis,1
definitely,2
lovers,1
guys,6
Love,1
veg,2
taste&aroma,1
lot,4
2Dal,1
fry,3
Enjoy,1
punjab,1
appetizing,1
dal,3
protein,1
rich,3
yellow,1
lentils,1
indian,1
curry,1
spices,5
sautéed,1
butterThis,1
really,5
tastes,1
likeMumma,1
k,2
hatho,1
se,1
bni,1
dalAll,1
blended,1
overall,1
love,12
spicy,1
punjabi,1
Major,1
highlights,1
No,3
added,3
preservatives,4
100%Natural,1
colours,1
CookingNormal,1
Microwave,1
instructions,1
given,2
back,1
Retains,1
Aroma,1
micro,1
nutrients,2
9,1
months,2
shelf,1
life,1
A,3
easy,3
prepare,2
alternative,1
working,1
college,1
going,3
save,1
massive,1
meal,3
⏱,1
Check,2
websitewww,2
freshwayfoods,1
Also,2
amazon,2
Highly,2
Recommend,1
You,2
need,1
#foodbymanvee,9
#freshwayfood,1
#readytoeatmeals,1
#biryani,1
#biryanilovers,1
#dalfry,1
#dalchawal,1
#14july20,1
#natural,4
#noaddedpreservatives,1
#swtdy14thjuly2k20,1
#tasty,8
#tuituii22,1
#cbs3_r3sult,1
#aznigmm100rabh,1
#readytoeatfood,1
#collab,3
#instabigbetter,1
#tue_jully,1
#khanekikhushbooo,1
#productreview,2
#loopconfirmbythurs,1
#whaaatislife,4
#stayhomestaysafe,1
#healthy,9
#vegan,4
#bloggersmail,2
Thanku,2
@mirahbellenaturals,2
sending,2
over,4
Hand,2
Rub,1
Sanitizer,1
FDA,1
approved,1
hand,2
sanitizer,1
kills,1
%germs,1
prevents,2
infection,1
ensures,1
total,1
hygiene,1
It,10
contains,4
%,3
ISO,1
Propyl,1
Alcohol,1
component,1
orchid,1
flower,1
extract,1
glyceric,1
moisturing,1
anti,1
oxidant,1
properties,1
Hence,1
about,5
dry,3
chapped,1
skin,7
gentle,1
formula,1
helps,1
restore,1
pH,1
balance,1
same,1
Lily,2
Valley,1
Natural,2
Wash,2
wash,1
smells,1
extracts,1
flowers,1
makes,2
hands,3
germ,1
free,6
dirt,1
less,2
minute,2
cleanses,1
perfectly,1
leaving,1
Keeps,1
moisturized,1
hours,1
feel,1
so,15
soft,1
Perfect,1
those,3
who,2
floral,1
smell,1
like,7
Coconut,5
Mogra,1
Handmade,1
Organic,1
Soap,1
soap,2
boon,1
person,1
shea,1
quinches,1
thrist,1
pouring,1
extremely,3
beneficial,1
totally,4
mild,1
cleans,1
drying,1
soothing,1
calming,1
effect,1
Im,4
mogra,1
fragrance,1
Go,2
u,3
organic,2
natural,1
vegan,2
cruelty,1
Sulphate&,1
Paraben,1
Environment,1
Friendly,1
Products,1
HurryVisit,2
mirahbelle,1
com,2
Available,2
Amazon,2
urs,2
recommend,1
#mirahbellenaturals,1
#handsanitizer,1
#handwash,1
#soaps,1
#floralfragrance,1
#collaboration,3
#organicproducts,1
#staysafestayhome,1
#collabs,2
#getalyfman,1
#p0sitivemotivation,1
#killgerms,1
#healthyhands,1
#worldhealthorganisation,1
#mindouthai,1
#hapysunnday,1
#amazon,1
#ecofriendly,1
#sulphatefree,1
#lovetheseproducts,1
#review,1
#loopconfirm,1
recently,3
box,1
full,3
Healthy,1
Crunchy,1
Nutrimunchy,1
Snacks,1
@nutri_munchy,5
Frame,1
Assorted,1
Vegetable,1
Chips,3
goodness,1
Beetroot,1
Carrot,1
&Spanich,1
Quinoa,1
Chickpea,1
Flour,1
&Quinoa,1
Corn,1
Feels,1
thought,3
foodies,1
came,3
Amazing,1
#bakednotfried,1
yet,3
munch,2
worrying,1
gaining,1
calories,1
These,1
baked,1
chips,1
#nutrimunchy,1
vitamins,1
minerals,1
fibre,2
devoid,1
sugar,2
Gluten,2
Free,1
no,8
transfat,1
hygienically,1
processed,1
packed,2
Most,1
importantly,1
help,3
building,1
immunity,1
Thanks,1
snacks,1
Just,2
hard,1
choose,2
Magic,2
Masala,1
Sour,1
Cream,1
&Peri,1
Peri,1
becoz,1
rarest,1
combo,1
both,1
Flipkart,1
HurryOrder,1
Do,6
follow,2
updates,4
#chips,1
#crunchysnacks,1
#vegetablesnacks,1
#pr,2
#munchies,2
#healthysnacks,1
#foodlover,2
#foodies24hours,4
#delhifoodies,3
#bloggermail,1
#chipsforbreakfast,1
#fibre,1
#staysafe,2
#letzrockkit,1
#photography,2
#picoftheday,2
#9lop2020,1
#megacollab1,1
#10july2020lop,1
i,3
used,3
#MadhurSugar,2
making,2
suji,1
halwa,1
As,1
shuddh,1
safe,2
surakshit,1
#UntouchedByHands,1
#LooseNahiMadhurSahi,1
Instagram,1
handle,1
@madhursugar,1
official,1
#sugar,2
#sujikahalwa,1
#puresugar,1
#halwa,1
#almonds,1
#halwalovers,1
#foodies,3
#july08goco,1
#foodiegram,2
#sweet,2
#sooji,1
#fllwsimplzrules,1
#foodinsta,1
#y0uareenough,1
Hey,3
So,4
across,3
@arouse_tea,2
Moring,1
tea,7
miracle,1
moringa,2
oleifera,1
leaves,1
Benefits,2
Regular,1
consumption,1
diseases,1
Improve,2
Immunity&Vision,1
Control,1
diabetes,1
blood,1
pressure,3
Heal,1
Cold,1
Cough,1
Treats,1
Depression,1
&Anemia,1
Reduces,1
Risk,1
Cancer,2
wonder,1
why,3
Moringa,3
Tree,1
called,1
Power,1
house,3
nutrition,1
#covid19,1
pandemic,1
would,4
share,5
version,2
Arouse,2
Ginger,2
ingredients,5
bag,1
Fresh,1
Black,1
pepper,4
Cinnamon,1
small,2
stick,1
14,1
tbs,1
Turmeric,1
Honeyas,1
per,3
Grate,1
crushed,1
cons,1
cinnamon,1
sachet,1
Reduce,1
low,2
leave,1
Now,3
strain,1
honey,2
waiting,1
immune,1
boosting,1
Websitewww,1
arousetea,1
comand,1
yours,2
#arousetea,1
#moringatea,1
#gingertea,1
#greentea,2
#immunitybooster,1
#nutrition,1
#ginger,1
#teabags,1
#honey,1
#drinkhealthy,1
#turmerictea,1
#promotion,1
#sksfever67,1
#instablogger,1
#moringa,1
#tealovers,1
#moringabenefits,1
#moringarecipes,1
#mydailyzroutine,1
#stayhealthy,1
#drumsticktree,1
#abs0lutebest,1
#morningtea,1
#healthyliving,1
brand,1
nameAgri,1
Club,2
@agri,2
club,4
@Agri,1
leading,1
manufacturers,1
suppliers,1
exporters,1
many,2
Bikaneri,1
Rajasthan,1
India,1
Est,1
providing,1
purely,1
Herbs,1
seeds,2
fiber,1
greenteas,1
herbal,1
capsules,1
varities,1
readily,2
customers,1
globe,1
Their,1
finest,1
freshness,1
intact,1
open,1
Agri,2
100%Pure,1
100%Vegan,1
GMO,1
Certified,1
FSSAI,1
wide,1
variety,1
flipkart,1
snapdeal,1
paytm,1
mall,1
type,1
Hurry,1
Visit,1
Website,1
www,2
agriclub,1
Contact,1
+919784059462,1
Follow,4
#agriclub,1
#collaboratiom,1
#seeds,1
#spices,1
#organicproduct,1
#followforfollowback,1
#food,10
#herbs,1
#glutenfree,1
#sks0407hope,1
#4lop2020,1
#lfdghy,1
#igdeewane,1
#foodiesofinstagram,8
#indianfarmer,1
#eatgreen,1
#mendingbridgesforlove,1
sforlove,1
#indianspices,1
#indianseeds,1
#india,1
#indianbrand,1
#bestfriendsapps1,1
Poha,1
not,6
Repost,3
Create,3
own,4
Content,3
@foodbymanvee,3
#breadpoha,2
#poha,1
#pohalovers,1
#coffee,1
#breads,1
#pyaj,1
#breakmaking,1
#foodplate,2
#cooking,5
#homechef,3
#foodpost,6
#quarantine,3
#instafoodiesgroup,6
#instapost,5
#indianhoechmef,3
#foodstylistsing,3
Motion,1
poster,1
@vsgbinge,1
s,1
#SuicideOrMurder,1
star,1
lost,1
#SushantSinghRajput,1
#vsgbinge,1
8k,1
Family,1
Malai,1
Sandwich,1
youKeep,1
supporting,1
#malaibread,1
#malaisandwich,1
#sandwich,1
#malai,1
#coconut,2
#8k,1
#thankyou,2
#trending,1
#,1
#InstaFood,1
#dhoklarecipe,1
#dhoklalove,1
#dhoklalover,1
#lovedhokla,1
#besan,1
#mirchi,1
#dhoklas,1
#mminfluencer,1
whats,1
baking,1
If,3
Quiche,1
Lorraine,1
quiche,2
dreams,1
Made,2
lots,2
bacon,1
onions,1
green,2
peppers,2
addition,2
mushrooms,1
Swipe,1
see,1
filling,2
clicked,1
before,1
top,3
extra,1
burnt,1
look,1
Totally,1
exceed,1
goals,1
maybe,2
worth,3
#quiche,1
#lorraine,1
#brekkie,2
#foodbellybakes,2
#f52gram,2
#f52,7
#thekitchn,4
#dailygram,9
#dailyfood,8
#instagood,4
#foodforlife,6
#trellingfood,2
#eeeats,3
#yummy,10
#quaratinecooking,3
#quaratine2020,1
#foodbellyinside,9
#food_belly11,10
#foodbelly,9
Did,1
someone,1
ask,1
banana,2
mug,2
video,1
final,1
editing,1
stage,1
hopefully,1
next,2
two,2
demand,1
turned,2
Its,3
EGGLESS,1
moist,1
gooey,2
youre,2
sucker,1
cocoa,1
powder,6
replace,1
normal,1
flour,1
Super,1
duper,1
excited,1
#banana,1
#mugcake,1
#chocolate,5
#quickrecipe,1
#recipe,2
#dailypost,5
#instalike,4
#bakedgoods,2
#bakedwithlove,1
#lockdown,1
Of,1
first,2
plate,5
aloo,4
puri,4
Even,1
though,1
Punjabi,1
insanely,1
fond,1
eating,4
potatoes,3
Whether,1
french,1
fries,1
ke,1
paranthe,1
somehow,1
However,2
developed,1
slight,1
fondness,1
towards,1
starchy,1
versatile,1
Geared,1
lunch,2
parents,3
Puris,1
together,1
wasnt,2
rotis,1
Switched,1
jowar,1
besan,1
basic,2
puris,1
Aloo,1
gravy,1
negligible,1
tomato,4
My,2
were,5
happy,1
#aloo,1
#puri,1
#sundaytradition,1
#homecooked,1
#oneplus,3
#goodforlife,1
#yunmy,1
#meals,3
#foodbellycooks,2
Overnight,1
mango,2
oats,3
bowl,6
Saturday,1
morning,3
brekkie,1
season,1
prefer,1
times,1
Not,1
proud,1
late,3
gives,1
fruit,1
breakfast,2
Thus,1
overnight,3
best,3
Soaked,1
rolled,1
mangoo,1
chia,1
almond,2
Topped,1
lotus,1
biscoff,1
crumble,1
white,1
plan,1
experimenting,1
proof,1
soon,2
#weekend,1
#overnightoats,1
#oats,1
#bowls,2
#mealsinabowl,2
#mango,2
#summers,1
#healthyfood,3
#cookedathome,1
#delhiblogger,1
#fruits,3
#feesh,1
#foosbellyinside,1
penne,2
Bolognese,2
airfried,2
scotch,2
eggs,2
sauteed,2
crisps,1
kind,1
dinner,1
favorite,1
mostly,1
spaghetti,1
thus,2
cooked,1
IGTV,1
Veggies,1
par,2
grew,2
egg,1
layer,1
deep,1
Trying,2
take,2
conscious,1
effort,1
each,2
tasted,3
absolutely,1
balanced,1
yes,1
yummy,3
Ps,1
After,1
pealing,1
put,2
skins,2
air,1
#nowaste,1
#dinner,4
#penne,1
#pasta,2
#bolognese,1
#vegetarian,1
#veg,1
#scotcheggs,1
#eggs,1
#veggies,1
#zerowaste,1
#homefood,3
#foodgram,2
mousse,3
far,2
most,2
instead,1
couverture,1
because,2
wanted,2
Yes,1
arm,2
strength,2
required,1
could,2
using,1
electric,1
beater,1
did,1
Play,1
toppings,2
pictures,1
#mousse,2
#dessert,3
#dessertgasm,1
#trellfood,1
Our,1
middle,1
eastern,1
feast,2
Hummus,1
wholewheat,1
pita,2
pickled,2
falafel,2
sesame,2
dip,2
juley,1
kebabs,2
bed,1
bell,1
tomatoes,1
hummus,2
Thats,1
primarily,1
reason,2
Kochhar,1
May,6
seem,1
work,1
actually,1
Marinated,1
along,1
side,1
Completely,1
forgot,1
requires,1
chickpeas,1
soaked,1
Cheated,1
ultimately,1
supposed,1
shakshouka,1
change,1
plans,2
end,5
placed,1
disappointing,1
platter,1
tough,2
killed,1
mood,1
stove,1
Determined,1
right,2
#middleeastern,1
#hummus,1
#pita,1
#falafel,1
#madewithlove,2
#love_food,2
#cookedwithlove,1
#feast,1
#instagram,4
Two,1
ingredient,2
literally,1
took,1
amount,1
easily,1
bar,1
Amul,1
whip,1
Top,1
anything,1
everything,2
yourself,1
dessert,2
Video,1
coming,1
Till,1
thinking,1
hats,1
decide,1
youll,1
guess,1
second,1
#chocolateday,2
#chocolatemousse,1
#easy,1
#homebaked,2
#instatrend,1
marshmallow,2
cookies,2
start,1
chip,1
overboard,1
experiments,2
filled,1
centre,2
baby,1
tsp,1
nutella,1
cookie,1
incredible,1
Failed,1
Nutella,1
other,1
#chocochip,1
#chocolatechunk,1
#cookies,1
#baking,1
#instaphoto,1
#bakery,1
#homebakery,1
Who,1
wouldnt,2
fast,3
rasmalai,3
mom,2
@superchefmeenu,1
still,2
continues,1
blessing,1
disguise,1
lockdown,1
gave,1
chance,1
spend,2
mean,1
Sure,2
moments,1
where,1
rooms,1
feeling,1
knowing,1
loved,1
ones,1
particular,1
saavan,1
checking,1
willpower,1
while,1
check,1
strong,1
nonveg,1
month,1
also,1
thank,1
God,1
hes,1
done,2
went,1
lane,1
there,1
meant,1
thanking,1
him,1
Ive,1
hardly,1
missed,1
three,1
surviving,1
fruits,1
rd,1
sweetest,1
trade,1
almost,1
even,1
kidney,2
justice,1
ya,1
glad,1
Peace,1
#rasmalai,1
#saavan,1
#saawan,1
#kesarrasmalai,1
#fast,1
#fasting,1
#rainyseason,1
#indian,1
#indiansweet,1
#sweets,1
Every,1
Mangoficient,1
Enjoying,2
Mangoish,1
mangoes,1
Quarantine,1
Comments,1
FOLLOW,28
@foodplatestory,28
#mangos,1
#mangoes,1
#mangolover,1
#fruit,1
#mangomango,1
#foodplatestory,8
#mangosmoothie,1
#freshfruit,1
#mangojuice,1
#mangoseason,1
#mangotree,1
#love,3
#mangonada,1
#bhfyp,1
#mangolovers,1
#smoothie,1
#organic,1
#foodiee_chiru,1
6K,1
FAMILY,3
overwhelmed,1
supporters,1
Much,3
grateful,1
such,1
supportive,1
obliged,2
Thankyou,2
HOMEMADE,2
CHOCOLATE,1
CAKE,1
FOR,1
MY,1
INSTA,1
LOVE,1
YOU,1
ALL,1
Supporting,2
#6k,1
#followers,2
#blogger,2
#instadaily,2
#instafollow,1
#follower,1
#bloggers,1
#celebration,2
#congratulations,2
#family,2
#foodiesofindia,9
#cakesofig,2
#support,2
#follow,1
#happy,1
#indore,2
#mumbaistreetfood,4
#coco,2
#mumbaifoodie,1
#congo,1
Life,1
combination,1
Pasta,1
Whats,5
cuisine,1
Tell,3
comments,4
section,1
use,3
featured,6
#pastalover,1
#italianfood,1
#foodpron,1
#foodgawker,1
#italiancuisine,1
#huffposttaste,4
#restaurant,1
#indorefood,3
#feedfeed,5
#nomnomnom,2
#instapizza,1
#instamood,1
Icecream,2
RECIPE,1
ALERT,1
Milk,2
Sugar,1
Cardamom,1
Vanilla,2
essence,2
Recipe,1
gas,1
consistency,1
becomes,1
thick,1
cardamom,1
Grind,1
properly,2
mixer,1
pour,1
mixture,1
icecream,2
moulds,1
Deep,1
freeze,1
night,1
Tadaaa,1
Chill,1
relax,1
Stay,2
#icecreamrolls,1
#ice,1
#summervibes,1
#2020,1
#cook,3
#chef,3
#milk,1
#milkpowder,1
#indorefoodblogger,2
#blog,3
#foodblogeats,2
RAJMA,1
CHAWAL,1
soul,1
Rajma,1
Chawal,1
Soul,1
#rajmachawal,1
#rajma,1
#kidneybeans,1
#rice,1
#heart,1
#sundayfunday,1
#sundayspecial,1
#rajmarecipe,1
#chawal,1
#hungry,1
#foodiesince96,3
Oye24s,2
Instant,1
Khichdi,1
Ready,1
instant,1
khichdi,2
@abeoye24,1
artificial,1
cant,1
resist,1
ordering,1
Toor,1
daal,1
basmati,1
edible,1
PROCESS,1
grain,2
drain,1
through,1
strainer,1
Chop,1
sized,1
cooker,3
maker,1
ml,1
Take,1
whistles,1
First,1
whistle,1
high,1
flame,2
remaining,1
cool,1
Usually,1
takes,1
Delicious,1
enhancer,1
spoon,1
ghee,1
avatar,1
Easy,2
forget,1
oye24,1
Music,1
Dome,1
Musician,1
Jef,1
#oye24,1
#readytocook,1
#products,1
#readymixproduct,1
#ordernow,1
#deliveryavailabe,1
#indoreblogger,1
#khichdi,1
#indorecity,1
#cafe,1
#oye24cafe,1
WATERMELON,1
Fruit,1
Some,1
Watermelon,1
Helps,1
Hydrate,1
Contains,2
Nutrients,1
Beneficial,1
Plant,1
Compounds,2
That,1
Help,3
Prevent,2
Heart,1
Health,1
Lower,1
Inflammation,1
Oxidative,1
Stress,1
Macular,1
Degeneration,1
Relieve,1
Muscle,1
Soreness,1
TAG,3
OR,2
USE,2
#watermelon,1
#watermelonchallenge,1
#fruity,1
#fruititarian,1
#fitness,1
#stayfit,1
#eat,1
#eathealthy,1
#orange,1
#grapes,1
#apple,1
#red,1
CHEESE,1
BURGER,1
Favorite,1
Junk,1
#burger,1
#junkfood,1
#pizzas,1
#burgers,1
#burgerporn,1
#instaburger,1
#noodles,1
#cheese,1
#burgertime,1
#fries,1
#burgerday,1
#burgersofinstagram,1
#mcdonalds,1
#bhyfp,3
||,2
BHELPURI,1
street,2
style,1
Bhel,1
satisfy,1
nights,1
cravings,1
#bhelpuri,1
#bhel,1
#bhelpurichaat,1
#streetstyles,1
#indiansnacks,1
#snacks,1
#puffedrice,1
#murmure,1
#snacktime,1
#hunger,1
5K,1
followers,2
huge,1
milestone,1
words,1
When,1
started,1
page,1
supported,1
support,1
#5kfollowers,1
#5k,1
#cakes,1
#congrats,1
#5kdone,1
#pridemonth,1
#celebrate,1
#keepsupporting,1
